{
	"name": "redscompendia5e",
	"title": "Red's Compendia for 5e",
	"description": "Adds cool homebrew for 5e courtesy of Red Reign.",
	"minimumCoreVersion": "0.6.0",
	"compatibleCoreVersion": "0.6.5",
	"version": "1.0",
	"author": "Red Reign#5128",
	"languages": [],
	"systems": ["dnd5e"],
	"esmodules": ["scripts/main.js"],
	"styles": [],
	"packs": [
	{
		"name": "armory",
		"label": "Red's Armory",
		"path": "packs/armory.db",
		"entity": "Item",
		"module": "world",
		"system": "dnd5e"
	}
],
	"url": "https://github.com/RedReign/redscompendia5e/tree/master/redscompendia5e",
	"manifest": "https://raw.githubusercontent.com/RedReign/redscompendia5e/master/redscompendia5e/module.json",
	"download": "https://github.com/RedReign/redscompendia5e/raw/master/redscompendia5e.zip"
}